"id","question","options","answer","storylineHintKey","fallbackHint"
"1","What is the name of the famous castle on Heart Island?","Singer Castle|Boldt Castle|Castle Rest|Jorstadt Castle","Boldt Castle","boldt_secret_1","Boldt Castle's construction on Heart Island was famously halted in 1904 after the death of George Boldt's wife, Louise."
"2","Which two countries share the Thousand Islands?","USA & Mexico|Canada & France|USA & Canada|UK & USA","USA & Canada","border_mystery_1","The USA-Canada border runs through the Thousand Islands, with some islands being split between the two countries."
"3","What is the smallest inhabited island in the Thousand Islands called?","Just Room Enough Island|Little Island|Tiny Isle|One Tree Island","Just Room Enough Island","small_island_clue_1","Just Room Enough Island, owned by the Sizeland family, has just enough room for a house and a tree, making it the smallest inhabited island."
"4","The St. Lawrence Seaway connects the Great Lakes to which ocean?","Pacific Ocean|Arctic Ocean|Atlantic Ocean|Indian Ocean","Atlantic Ocean","seaway_journey_1","The St. Lawrence Seaway is a system of locks and channels that allows ships to travel from the Great Lakes all the way to the Atlantic Ocean."
"5","Which famous pirate is rumored to have hidden treasure in the Thousand Islands?","Blackbeard|Captain Kidd|Calico Jack|Bill Johnston","Bill Johnston","pirate_treasure_1","Bill Johnston was an American pirate and smuggler who was active in the Thousand Islands region during the Patriot War in the 1830s."
"6","What is the main purpose of the Thousand Islands Bridge?","Scenic views only|Connecting Ontario and New York State|Pedestrian traffic only|Railroad transport","Connecting Ontario and New York State","bridge_info_1","The Thousand Islands Bridge is a series of bridges connecting Interstate 81 in New York with Highway 401 in Ontario, facilitating international travel and commerce."
"7","Which of these is a popular water activity in the Thousand Islands?","Surfing|Scuba diving to shipwrecks|Whale watching|White-water rafting","Scuba diving to shipwrecks","water_activity_1","The clear, fresh water of the St. Lawrence River preserves many historic shipwrecks, making it a top destination for scuba divers."
"8","Boldt Castle was built by George C. Boldt as a tribute to whom?","His mother|His daughter|His wife, Louise|Queen Victoria","His wife, Louise","boldt_secret_2","George C. Boldt, the wealthy proprietor of the Waldorf-Astoria Hotel, intended Boldt Castle as a grand gift for his beloved wife, Louise."
"9","Approximately how many islands are there in the 'Thousand Islands' archipelago?","Exactly 1000|Around 500|Over 1800|Less than 700","Over 1800","island_count_1","To be counted as one of the Thousand Islands, a piece of land must be above water year-round and support at least two living trees. There are 1,864 such islands."
"10","What popular salad dressing is said to have originated in the Thousand Islands region?","Ranch Dressing|Caesar Dressing|Thousand Island Dressing|Blue Cheese Dressing","Thousand Island Dressing","dressing_origin_1","Legend says Thousand Island Dressing was first created by Sophia LaLonde, wife of a fishing guide, and later served at the Herald Hotel in Clayton, NY."
"11","Dark Island is home to what historic structure?","A lighthouse|Singer Castle|A modern art museum|A nature preserve","Singer Castle","singer_castle_1","Singer Castle, built by Commodore Frederick Bourne of the Singer Sewing Machine Company, is known for its intricate architecture and secret passages."
"12","What is the primary type of rock that forms the islands?","Granite|Sandstone|Limestone|Marble","Granite","geology_rock_1","The islands are the tops of ancient granite hills of the Frontenac Arch, a stretch of the Canadian Shield that connects to the Adirondack Mountains."
"13","The Clayton Antique Boat Museum showcases what type of vessels?","Modern speedboats|Freshwater antique and classic wooden boats|Submarines|Viking longships","Freshwater antique and classic wooden boats","boat_museum_1","The Antique Boat Museum in Clayton, NY, holds the largest collection of freshwater antique and classic boats in North America."
"14","What does the term 'River Rat' affectionately refer to in this region?","A type of invasive rodent|Locals who are knowledgeable about the St. Lawrence River|A famous steamboat|A mythical river creature","Locals who are knowledgeable about the St. Lawrence River","river_rat_meaning_1","A 'River Rat' is a fond nickname for someone who grew up on or is intimately familiar with the life and lore of the St. Lawrence River."
"15","Which of these fish species is a prized catch for anglers in the St. Lawrence River?","Piranha|Muskellunge (Muskie)|Clownfish|Swordfish","Muskellunge (Muskie)","fish_expert_clue","The Muskellunge, or 'Muskie,' is a large, powerful, and elusive freshwater predator, making it a highly sought-after trophy fish."
"16","The construction of Boldt Castle was halted in what year?","1904|1898|1920|1912","1904","boldt_construction_1","In 1904, George Boldt telegraphed the island to immediately stop all construction following the sudden death of his wife, Louise."
"17","What is the name of the scenic byway that runs along the St. Lawrence River on the US side?","River Road|The Great Lakes Seaway Trail|Island View Drive|The King's Highway","The Great Lakes Seaway Trail","scenic_byway_1","The Great Lakes Seaway Trail is a National Scenic Byway in the U.S. that follows the shores of the St. Lawrence River, Lake Ontario, and Lake Erie."
"18","Which island is known for having a U.S. Post Office that is the smallest in the country?","Wellesley Island|Grindstone Island|Sugar Island (unofficial)|Picton Island","Sugar Island (unofficial)","smallest_post_office_1","While not officially a post office building, the small structure on Sugar Island serves as a mail drop-off and is humorously called the smallest in the U.S."
"19","The 'Lost Ships of the 1000 Islands' refers to what?","A fictional novel series|A collection of well-preserved shipwrecks|A fleet that vanished mysteriously|A type of mirage seen on the river","A collection of well-preserved shipwrecks","lost_ships_1","Due to the cold, fresh water, numerous shipwrecks from the past two centuries are remarkably preserved on the riverbed, creating a 'museum' for divers."
"20","What material was primarily used for the exterior of Singer Castle?","Local granite|Imported Italian marble|Red brick|Timber","Local granite","singer_castle_material_1","Singer Castle was constructed using granite quarried from a nearby island, Oak Island, giving it a strong, local character."
"21","Which Canadian city is a major gateway to the Thousand Islands?","Toronto|Montreal|Kingston|Ottawa","Kingston","canadian_gateway_1","Located where the St. Lawrence River meets Lake Ontario, the historic city of Kingston, ON, is a primary starting point for exploring the islands."
"22","The story of 'Just Room Enough Island' involves a family named?","The Boldts|The Singers|The Sizelands|The Johnstons","The Sizelands","just_room_enough_family_1","The Sizeland family bought the tiny island, originally named Hub Island, in the 1950s and built a house that covers nearly every square foot of it."
"23","What important international agreement led to the creation of the St. Lawrence Seaway?","The Treaty of Paris|The Webster-Ashburton Treaty|The St. Lawrence Seaway Agreement of 1954|The Jay Treaty","The St. Lawrence Seaway Agreement of 1954","seaway_agreement_1","In 1954, Canada and the United States signed an agreement to jointly construct the St. Lawrence Seaway, a monumental engineering project."
"24","Bill Johnston, the 'Pirate of the Thousand Islands', aided which side during the Patriot War?","The British Crown|The American Patriots/Rebels|He remained neutral|The French forces","The American Patriots/Rebels","bill_johnston_allegiance_1","During the Patriot War of 1837-38, Bill Johnston used his intimate knowledge of the islands to help Canadian rebels seeking independence from Britain."
"25","What is the Power Authority's visitor center near Massena, NY, that offers views of the St. Lawrence-FDR Power Project?","Boldt Castle Visitor Center|Hawkins Point Visitors Center (Frank S. McCullough, Jr. Powerhouse)|Minna Anthony Common Nature Center|Aquatarium","Hawkins Point Visitors Center (Frank S. McCullough, Jr. Powerhouse)","power_authority_center_1","The Hawkins Point Visitors Center provides panoramic views of the massive St.Lawrence-FDR hydroelectric dam, a key part of the Seaway project."
"26","Which Great Lake is the primary source of the St. Lawrence River?","Lake Superior|Lake Huron|Lake Erie|Lake Ontario","Lake Ontario","river_origin_clue","The St. Lawrence River begins at the northeastern end of Lake Ontario, flowing northeast towards the Atlantic Ocean."
"27","What type of bridge is the international span of the Thousand Islands Bridge System that crosses the St. Lawrence River's main shipping channel?","Cantilever bridge|Suspension bridge|Arch bridge|Cable-stayed bridge","Suspension bridge","bridge_type_1","To allow large ocean-going vessels to pass underneath, the main part of the Thousand Islands Bridge is a suspension bridge."
"28","Which famous American president owned a summer home on Campobello Island, near the Thousand Islands region?","Theodore Roosevelt|Franklin D. Roosevelt|John F. Kennedy|Abraham Lincoln","Franklin D. Roosevelt","historical_figure_clue","While not in the Thousand Islands, Franklin D. Roosevelt's beloved summer home on Campobello Island, NB, reflects the region's history as a retreat for the influential."
"29","What is the approximate length of the Thousand Islands region along the St. Lawrence River?","10 miles|50 miles|100 miles|200 miles","50 miles","region_geography_clue","The Thousand Islands archipelago stretches for about 50 miles (80 km) downstream from Kingston, Ontario."
"30","The Alster Tower on Dark Island (Singer Castle) was inspired by a structure in which country?","Germany|France|England|Scotland","Germany","alster_tower_inspiration_1","The Alster Tower's design is based on a castle described in the novel 'Woodstock' by Sir Walter Scott, which was set in Germany."
"31","What unique geological feature characterizes many of the Thousand Islands, creating steep cliffs and deep channels?","Volcanic craters|Glacial sculpting|Coral reefs|Meteor impact sites","Glacial sculpting","geology_mystery_clue","Massive glaciers carved and shaped the landscape, exposing the hard granite hills and creating the rugged beauty of the islands."
"32","The Thousand Islands National Park is managed by which country?","United States|Canada|Jointly by US & Canada|United Nations","Canada","national_park_management_1","Established in 1904, Thousand Islands National Park is one of Canada's oldest national parks."
"33","What is the primary species of pine tree commonly found on the islands?","Loblolly Pine|Ponderosa Pine|Eastern White Pine|Scots Pine","Eastern White Pine","flora_fauna_clue","The tall, distinctive Eastern White Pine is a signature tree of the region's ecosystem."
"34","Rock Island Lighthouse State Park features a lighthouse built in what century?","17th Century|18th Century|19th Century|20th Century","19th Century","lighthouse_legend_clue","The historic Rock Island Lighthouse was first lit in 1847 to guide ships through the treacherous waters."
"35","Which of these towns is NOT considered a major hub for Thousand Islands tourism on the US side?","Alexandria Bay, NY|Clayton, NY|Sackets Harbor, NY|Syracuse, NY","Syracuse, NY","us_tourism_hub_1","While a major city in Central New York, Syracuse is not located on the St. Lawrence River and is not a direct hub for island tourism."
"36","The Frederic Remington Art Museum, featuring works of the famous Western artist, is located in which nearby town?","Clayton|Ogdensburg|Watertown|Gananoque","Ogdensburg","local_culture_clue","Located in Ogdensburg, NY, the museum is dedicated to Frederic Remington, who was famous for his depictions of the American Old West."
"37","During the War of 1812, which strategic naval base was located near the Thousand Islands on the US side?","Fort Niagara|Fort Ticonderoga|Sackets Harbor|West Point","Sackets Harbor","war_history_clue","Sackets Harbor was the center of American naval and military operations on Lake Ontario during the War of 1812."
"38","What is the name of the large, migratory bird of prey often seen soaring above the Thousand Islands?","Bald Eagle|Golden Eagle|Osprey|Peregrine Falcon","Osprey","bird_of_prey_1","Ospreys, also known as 'fish hawks,' are a common sight and build large nests near the water throughout the islands."
"39","The 'Boldt Castle Yacht House' is notable for housing what?","Modern luxury yachts|A collection of historic houseboats and antique wooden boats|A submarine|A seaplane hangar","A collection of historic houseboats and antique wooden boats","boldt_yacht_house_1","The enormous Boldt Castle Yacht House on Wellesley Island houses a rare collection of historic wooden boats, including a luxurious houseboat."
"40","What is the common name for 'Esox masquinongy', a large predatory fish found in the St. Lawrence River?","Northern Pike|Walleye|Muskellunge|Lake Sturgeon","Muskellunge","muskellunge_name_1","Esox masquinongy is the scientific name for the Muskellunge, often called a 'muskie' for short."
"41","The term 'cottage country' is often used to describe the Thousand Islands. What does 'cottage' typically refer to here?","Small, rustic shacks|Modest, one-room cabins|Seasonal vacation homes, often quite grand|Agricultural farmhouses","Seasonal vacation homes, often quite grand","cottage_country_1","In this region, 'cottage' is a term for any seasonal home, many of which are large, elaborate mansions built during the Gilded Age."
"42","Which of the Thousand Islands is home to the 'Half Moon Bay', known for its unique rock formations?","Wellesley Island|Grindstone Island|Carleton Island|Howe Island","Wellesley Island","half_moon_bay_1","Half Moon Bay is a scenic cove on Wellesley Island where it was traditional for boaters to attend non-denominational Sunday services from their boats."
"43","The International Rift is a narrow, deep section of the river located between which two islands?","Heart Island and Dark Island|Wellesley Island (US) and Hill Island (Canada)|Grindstone Island and Wolfe Island|Just Room Enough Island and Longue Vue Island","Wellesley Island (US) and Hill Island (Canada)","international_rift_1","The International Rift is a very narrow channel where the US-Canada border runs, located under the main span of the Thousand Islands Bridge."
"44","What is 'skiff life,' a term associated with the region?","A type of fishing lure|A lifestyle centered around small, open motorboats|A competitive rowing sport|A local theater production","A lifestyle centered around small, open motorboats","skiff_life_1","The 'skiff life' refers to the local culture of using small, versatile St. Lawrence Skiffs for transportation, fishing, and recreation among the islands."
"45","The Cornwall-Massena International Bridge is another major crossing. What does it primarily facilitate besides passenger vehicles?","Pedestrian traffic|High-speed rail|Shipping and power line transmission|Bicycle tours","Shipping and power line transmission","cornwall_bridge_1","This bridge is crucial for international trade and crosses over the St. Lawrence-FDR Power Project dam."
"46","What does 'Iroquoian' refer to in the context of the Thousand Islands' history?","A style of architecture|A group of Indigenous peoples native to the region|A type of sailing ship|A French colonial fort","A group of Indigenous peoples native to the region","native_history_clue","The Iroquoian peoples, including the Haudenosaunee Confederacy, have inhabited this region for centuries before European arrival."
"47","Devil's Oven on Grindstone Island is what kind of natural feature?","A hot spring|A large cave or rock shelter|A volcanic vent|A meteor crater","A large cave or rock shelter","devils_oven_1","Devil's Oven is a large cave rumored to have been used by the pirate Bill Johnston as a hideout."
"48","The 'Frontenac Arch Biosphere Reserve' encompasses the Thousand Islands. What is a biosphere reserve?","A military exclusion zone|An area promoting sustainable development based on local community efforts and sound science|A theme park|A private hunting ground","An area promoting sustainable development based on local community efforts and sound science","biosphere_reserve_1","A UNESCO Biosphere Reserve is an area recognized for its unique ecosystem and its commitment to balancing conservation with sustainable human activity."
"49","Before European settlement, the region was primarily the territory of which major Iroquoian confederacy?","The Cherokee Nation|The Haudenosaunee (Iroquois Confederacy)|The Anishinaabe|The Sioux Nation","The Haudenosaunee (Iroquois Confederacy)","haudenosaunee_territory_1","The Haudenosaunee, also known as the Iroquois Confederacy or Six Nations, have ancestral ties to the Thousand Islands region."
"50","What is the 'Thousand Islands Winery' known for, besides wine?","Its historic castle|Its extensive cave system|Its scenic location and local product focus|Its Olympic-sized swimming pool","Its scenic location and local product focus","winery_known_for_1","As one of the first wineries in the region, it's a popular stop on the Thousand Islands Seaway Wine Trail."
"51","The Gananoque Boat Line offers tours originating from which country?","USA|Canada|Both USA and Canada|Mexico","Canada","gananoque_boat_line_1","Gananoque is a town in Ontario, Canada, and its boat line is one of the primary ways to see the islands from the Canadian side."
"52","What is a 'see-way' lock, as part of the St. Lawrence Seaway system?","A type of fishing net|A device for raising and lowering boats between different water levels|A secure storage facility for boats|A brand of nautical GPS","A device for raising and lowering boats between different water levels","seaway_lock_1","Locks function like giant water elevators, allowing massive ships to bypass rapids and changes in elevation along the river."
"53","Tibbetts Point Lighthouse marks the entrance of the St. Lawrence River from which Great Lake?","Lake Huron|Lake Erie|Lake Ontario|Lake Superior","Lake Ontario","tibbetts_point_1","Located at the point where Lake Ontario meets the St. Lawrence River, Tibbetts Point Lighthouse is a crucial navigational aid."
"54","The 'Smugglers' Run' is a term often associated with the Thousand Islands during which historical period?","The Gold Rush|The American Revolution|The Prohibition Era|The Viking Age","The Prohibition Era","smugglers_run_1","During the 1920s and early 1930s, the maze-like islands were a perfect route for smuggling alcohol from Canada into the United States."
"55","What popular summer event in Alexandria Bay features a week of pirate-themed festivities?","River Fest|Boldt Castle Regatta|Bill Johnston's Pirate Days|Island Folk Festival","Bill Johnston's Pirate Days","pirate_days_1","This annual event celebrates the region's most famous pirate with parades, block dances, and a mock pirate 'invasion' of the town."
"56","What is the '1000 Islands Tower'?","A historic lighthouse|An observation tower on Hill Island, Canada|A water tower in Alexandria Bay|A skyscraper in Kingston","An observation tower on Hill Island, Canada","islands_tower_1","The 1000 Islands Tower provides stunning 360-degree panoramic views of the islands from a height of 400 feet (130 meters)."
"57","Which US President signed the bill creating the St. Lawrence Seaway Development Corporation?","Harry S. Truman|Dwight D. Eisenhower|John F. Kennedy|Lyndon B. Johnson","Dwight D. Eisenhower","seaway_president_1","In 1954, President Eisenhower signed the Wiley-Dondero Act, which authorized the joint construction of the Seaway with Canada."
"58","What is 'eel fishing' traditionally practiced with in the St. Lawrence River?","Rod and reel|Nets|Spears|Bare hands","Spears","eel_fishing_1","Spearfishing for eels, often at night from a boat with a light, is a traditional practice in the region, particularly among the Mohawk people of Akwesasne."
"59","The 'Lost Channel' is a famously difficult-to-navigate area. Why?","It's always foggy|Strong currents and hidden shoals|Pirate activity|Magnetic anomalies","Strong currents and hidden shoals","lost_channel_1","The Lost Channel is a narrow and confusing passage where a British expeditionary force famously got lost in 1760."
"60","What popular boating event involves a 'poker run' in the Thousand Islands?","A charity speedboat event|A canoe race|A sailing regatta|A fishing tournament","A charity speedboat event","poker_run_1","In a poker run, participants travel by high-performance boat to five to seven different checkpoints, drawing a playing card at each one to build a poker hand."
"61","Alster Tower at Boldt Castle, with its bowling alley, was intended as what?","A guesthouse|A children's playhouse|A library|A boathouse","A children's playhouse","alster_tower_purpose_1","Alster Tower was designed as a fantasy structure and retreat for the Boldt children, complete with a bowling alley and library."
"62","The 'Thousand Islands Parkway' offers scenic views along which country's shoreline?","USA|Canada|Mexico|France","Canada","parkway_location_1","The Thousand Islands Parkway is a 25-mile (40 km) scenic road that runs along the north shore of the St. Lawrence River in Ontario, Canada."
"63","What does the term 'laker' refer to in the context of St. Lawrence Seaway shipping?","A type of pleasure boat|A large cargo ship designed for the Great Lakes and Seaway|A resident of the Great Lakes region|A type of fish","A large cargo ship designed for the Great Lakes and Seaway","laker_definition_1","Lakers are long, narrow cargo ships built specifically to fit through the locks of the Great Lakes and the St. Lawrence Seaway."
"64","'Calumet Island' was once owned by which famous American tobacco tycoon who built a castle there?","R.J. Reynolds|James Buchanan Duke|Charles G. Emery|Pierre Lorillard","Charles G. Emery","calumet_island_owner_1","Charles G. Emery, a partner in the American Tobacco Company, built a grand chateau on Calumet Island, which unfortunately burned down in the 1950s."
"65","What is the 'Zenda Farms Preserve' known for?","A historic amusement park|A working dairy farm and nature trails|A vineyard|An artist colony","A working dairy farm and nature trails","zenda_farms_1","Located near Clayton, NY, the Zenda Farms Preserve protects a historic farm landscape and offers public trails for walking and cross-country skiing."
"66","The 'Battle of the Windmill' in 1838 took place near which present-day Ontario town?","Kingston|Gananoque|Prescott|Brockville","Prescott","windmill_battle_location_1","The Battle of the Windmill was a skirmish during the Patriot War where Canadian rebels and American sympathizers fought against British forces."
"67","What is the main material used in the construction of the original hotel in the 'Thousand Islands Dressing' origin story?","Stone|Brick|Wood|Concrete","Wood","dressing_hotel_material_1","The original Herald Hotel in Clayton, NY, where Thousand Island Dressing was popularized, was a classic large wooden hotel of the era."
"68","Which of these is a common type of duck seen in the Thousand Islands during migration?","Penguin|Puffin|Canvasback|Ostrich","Canvasback","duck_migration_1","The Canvasback is a large diving duck that migrates through the region, often stopping to rest and feed on the St. Lawrence River."
"69","The 'Rideau Canal,' a UNESCO World Heritage Site, connects Kingston to which other Canadian city?","Toronto|Montreal|Ottawa|Quebec City","Ottawa","rideau_canal_connects_1","The Rideau Canal allows boat traffic to travel from Kingston on Lake Ontario to Ottawa, the capital of Canada."
"70","What is the 'Minna Anthony Common Nature Center' located on?","Wellesley Island State Park|Heart Island|Dark Island|Grindstone Island","Wellesley Island State Park","minna_anthony_location_1","The Minna Anthony Common Nature Center is one of the largest nature centers in the New York State Park system, offering year-round educational programs."
"71","What is the 'Thousand Islands Land Trust (TILT)' primarily involved in?","Developing luxury resorts|Conserving natural areas and wildlife habitats|Operating tour boats|Managing lighthouses","Conserving natural areas and wildlife habitats","tilt_mission_1","TILT is a non-profit organization dedicated to working with landowners to conserve the natural beauty and ecological integrity of the Thousand Islands region."
"72","What is the name of the Canadian island that is home to the '1000 Islands Tower'?","Wolfe Island|Howe Island|Hill Island|Grenadier Island","Hill Island","tower_island_1","Hill Island is a Canadian island in the St. Lawrence River that is connected to the mainland by the Thousand Islands Bridge system."
"73","The 'Frontenac' was a famous 19th-century luxury steamboat that unfortunately did what in 1907?","Won many races|Burned and sank|Was converted into a casino|Served as a hospital ship","Burned and sank","frontenac_fate_1","The luxurious steamboat 'Frontenac' caught fire and sank near the shore of Wellesley Island in 1907, a dramatic end to a Gilded Age vessel."
"74","What is the 'Thousand Islands Biological Station (TIBS)' primarily focused on?","Astronomical observation|Aquatic research and education|Geological surveys|Bird watching tours","Aquatic research and education","tibs_focus_1","TIBS is a research facility on Governor's Island dedicated to studying the ecology of the St. Lawrence River and surrounding freshwater ecosystems."
"75","The 'Thousand Islands Playhouse' in Gananoque, ON, is known for what?","Opera performances|Professional live theatre|Puppet shows|Movie screenings","Professional live theatre","playhouse_known_for_1","The Thousand Islands Playhouse is one of Canada's most popular summer theatre festivals, located in a scenic spot on the banks of the St. Lawrence River."
"76","What does the term 'shoal' mean in a river context?","A deep channel|A school of fish|A shallow area dangerous to navigation|A type of buoy","A shallow area dangerous to navigation","shoal_definition_1","A shoal is an area of the riverbed that is very shallow, posing a significant risk to boats that can run aground on them."
"77","What is the 'Sister Island Lighthouse' notable for?","Being the tallest lighthouse|Its unique twin structures (historically)|Being made entirely of wood|Its red and white stripes","Its unique twin structures (historically)","sister_island_lighthouse_1","The Sister Island Lighthouse originally consisted of two identical towers on two small, adjacent islands, working together to guide ships."
"78","The 'Canadian Covenanter,' a shipwreck, is a popular site for what activity?","Fishing|Scuba diving|Sunbathing|Kayaking around","Scuba diving","covenanter_shipwreck_1","The wreck of the Covenanter is a well-known and accessible site for recreational scuba divers exploring the history beneath the river's surface."
"79","What is 'Fort Henry' in Kingston, ON, primarily known as?","A modern art gallery|A 19th-century British military fortress|A shopping mall|A sports stadium","A 19th-century British military fortress","fort_henry_1","Fort Henry is a national historic site that recreates 19th-century military life with garrison parades, drills, and historical interpreters."
"80","Zavikon Island is famous for what (often mythologized) feature spanning the US-Canada border?","The world's tallest flagpole|The world's shortest international bridge|A natural hot spring|A secret underwater tunnel","The world's shortest international bridge","zavikon_island_bridge_1","Zavikon Island features a 32-foot bridge connecting it to a smaller island. Tour guides often claim it's the shortest international bridge, although the islands are both in Canada."
"81","What is the 'Thousand Islands International Bridge' system composed of?","One single, long bridge|A series of bridges and islands|A tunnel and a bridge|Only a ferry system","A series of bridges and islands","bridge_info_1","The system consists of five separate bridges that hop across islands to connect the U.S. and Canada."
"82","The town of Gananoque, ON, is often called the 'Gateway to the Thousand Islands' for which country?","USA|Canada|Mexico|France","Canada","canadian_gateway_1","Gananoque is a primary hub on the Canadian side for boat tours and access to the Thousand Islands National Park."
"83","Which type of tree is NOT commonly found giving the Thousand Islands their characteristic forested look?","Oak|Maple|Pine|Palm","Palm","flora_fauna_clue","The northern climate of the Thousand Islands supports hardwoods like oak and maple and softwoods like pine, but is far too cold for palm trees."
"84","The 'Aquatarium' in Brockville, ON, primarily focuses on what aspect of the Thousand Islands?","History of piracy|Aquatic life and ecosystems|Antique boat building|Military history","Aquatic life and ecosystems","local_culture_clue","The Aquatarium is an interactive science and education museum focusing on the unique wildlife and environment of the Thousand Islands region."
"85","What is the minimum size criterion for an island to be counted in the Thousand Islands?","Must support at least one building|Must support at least two living trees and be above water year-round|Must be larger than 10 square feet|No specific size, just visible land","Must support at least two living trees and be above water year-round","island_count_1","This specific rule is what separates a true 'island' from just a rock or shoal in the official count."
"86","During the winter, large parts of the St. Lawrence River in the Thousand Islands can experience what?","Tropical storms|Complete freezing over, allowing ice roads|Increased water levels|Arrival of migratory whales","Complete freezing over, allowing ice roads","region_geography_clue","In cold winters, the ice can become thick enough for cars to drive over, forming temporary 'ice roads' between islands and the mainland."
"87","The 'Thousand Islands National Park' was the first Canadian National Park established east of what geographical feature?","The Great Lakes|The Rocky Mountains|Hudson Bay|The Appalachian Mountains","The Rocky Mountains","national_park_management_1","Established in 1904, it was the first of Canada's National Parks to be located east of the Canadian Rockies."
"88","What is a 'Tour Boat Captain' in the Thousand Islands primarily responsible for?","Fishing charters|Navigating tour vessels and providing commentary|Repairing boat engines|Selling souvenirs","Navigating tour vessels and providing commentary","river_rat_meaning_1","A good tour boat captain is both a skilled pilot and a storyteller, sharing the history and lore of the islands with passengers."
"89","The construction of the St. Lawrence Seaway in the 1950s involved what major impact on some riverside communities?","They became major tourist hubs overnight|They were relocated or 'drowned' by rising water levels|They experienced a gold rush|They were designated as national parks","They were relocated or 'drowned' by rising water levels","seaway_journey_1","The 'Lost Villages' were ten communities in Ontario that were permanently flooded by the creation of the St. Lawrence Seaway."
"90","What is the primary industry that historically sustained many small communities in the Thousand Islands before large-scale tourism?","Tech startups|Manufacturing|Fishing, logging, and small-scale farming|Aerospace engineering","Fishing, logging, and small-scale farming","island_traditions_clue","Before the Gilded Age brought wealthy tourists, the local economy relied on the natural resources of the river and islands."
"91","Which of these is a famous shipwreck visible to divers in the Thousand Islands, known for its intact propeller?","The Edmund Fitzgerald|The Titanic|The Sir Robert Peel|The Roy A. Jodrey","The Roy A. Jodrey","lost_ships_1","The Roy A. Jodrey was a modern laker that sank in 1974. Its massive, intact propeller is a highlight for advanced divers."
"92","The 'Gilded Age' refers to a period of great wealth in the late 19th century. How did this era impact the Thousand Islands?","It led to the area being abandoned|Wealthy industrialists built elaborate summer homes and castles|It caused extensive industrial pollution|The islands were sold to foreign powers","Wealthy industrialists built elaborate summer homes and castles","historical_figure_clue","The Thousand Islands became a fashionable summer resort for the elite, leading to the construction of magnificent 'cottages' and castles."
"93","What is the 'Thousand Islands Emergency Rescue Service (TIERS)'?","A pizza delivery service|A volunteer-based marine rescue organization|A historical reenactment group|A weather forecasting station","A volunteer-based marine rescue organization","skiff_life_1","TIERS is a crucial volunteer service providing emergency response and ambulance service to the island communities."
"94","Many islands have names like 'Grindstone', 'Sugar', or 'Picton'. What do these names often reflect?","Random choices by mapmakers|Names of famous racehorses|Historical uses, local legends, or early settlers/owners|Alien languages","Historical uses, local legends, or early settlers/owners","river_origin_clue","Island names often provide clues to their history, such as Grindstone Island, which was once a source for large grindstones."
"95","What role did the Thousand Islands play during the War of 1812 between the US and Great Britain (Canada)?","It was a neutral zone respected by both sides|It was a primary battlefield with major land engagements|It was a strategic waterway for troop movement and smuggling, with some skirmishes|It was completely uninhabited and ignored","It was a strategic waterway for troop movement and smuggling, with some skirmishes","war_history_clue","The maze of islands was used by both sides for strategic movement and was the site of several small naval actions and raids."
"96","What is the 'Thousand Islands Water Trail'?","A series of underwater tunnels|A designated route for kayakers and canoeists|A famous hiking path|A water skiing competition course","A designated route for kayakers and canoeists","water_activity_1","The water trail is a network of routes and rest stops designed to help paddlers safely explore the islands."
"97","The architectural style of Boldt Castle is best described as:","Modern Minimalist|Art Deco|Châteauesque / Rhineland Castle|Log Cabin","Châteauesque / Rhineland Castle","boldt_secret_1","The design of Boldt Castle mimics the grand castles found along the Rhine River in Germany."
"98","What is a common challenge for homeowners on the smaller, more remote islands?","Too much tourist traffic|Lack of internet access|Utility access (water, power, septic) and boat-only access|Constant pirate attacks","Utility access (water, power, septic) and boat-only access","small_island_clue_1","Living on an island requires careful planning for utilities and the fact that all transportation is by boat."
"99","The 'Muskie Hall of Fame' is located in which Thousand Islands town?","Alexandria Bay, NY|Clayton, NY|Gananoque, ON|Cape Vincent, NY","Clayton, NY","fish_expert_clue","The Muskie Hall of Fame, celebrating the region's most famous game fish, is located within the Antique Boat Museum in Clayton."
"100","What is the '1000 Islands Charity Poker Run' primarily known for?","Its slow, scenic pace|High-performance powerboats and fundraising|Its focus on antique sailboats|Being a silent, non-motorized event","High-performance powerboats and fundraising","poker_run_1","This annual event brings hundreds of powerful speedboats to the river to raise money for local charities."
"101","Besides George Boldt, which other famous hotelier owned property in the Thousand Islands, specifically 'Hopewell Hall'?","Conrad Hilton|Cesar Ritz|Abraham Abraham (Abraham & Straus)|J.W. Marriott","Abraham Abraham (Abraham & Straus)","historical_figure_clue","Abraham Abraham, co-founder of the Abraham & Straus department store, owned a magnificent estate called Hopewell Hall."
"102","The 'Mohawk Nation' is part of which larger Indigenous confederacy historically present in the Thousand Islands?","Algonquin|Sioux|Haudenosaunee (Iroquois)|Cherokee","Haudenosaunee (Iroquois)","native_history_clue","The Mohawk are one of the founding nations of the Haudenosaunee (or Iroquois) Confederacy, whose traditional territory includes the St. Lawrence River valley."
"103","What activity is often associated with the 'Narrows' section of the St. Lawrence River near Alexandria Bay?","Calm, easy sailing|Congested boat traffic and scenic castle views|White water rafting|Surfing","Congested boat traffic and scenic castle views","geography_mystery_clue","The Narrows is a busy shipping channel that passes directly in front of Boldt Castle, making it a popular and sometimes crowded spot for boaters."
"104","The 'Thousand Islands Arts Center' in Clayton offers classes and exhibits primarily focused on what?","Digital art and animation|Traditional crafts like weaving, pottery, and painting|Automotive design|Culinary arts","Traditional crafts like weaving, pottery, and painting","local_culture_clue","The Arts Center, also known as Home of the Handweaving Museum, preserves and promotes traditional arts and crafts of the region."
"105","If someone refers to 'A-Bay', which Thousand Islands town are they likely talking about?","Kingston, ON|Clayton, NY|Alexandria Bay, NY|Gananoque, ON","Alexandria Bay, NY","us_tourism_hub_1","'A-Bay' is the common local nickname for Alexandria Bay, a major tourist hub on the U.S. side of the river."
"106","What is the 'Thousand Islands Museum' in Clayton primarily focused on?","Dinosaurs|The maritime history of the region|Space exploration|Modern art","The maritime history of the region","boat_museum_1","The Thousand Islands Museum in Clayton preserves and shares the local history of the river, from the Gilded Age to the local communities."
"107","Which of these birds is a common waterfowl, often seen in large flocks in the Thousand Islands?","Flamingo|Canada Goose|Kiwi|Emu","Canada Goose","flora_fauna_clue","Large flocks of Canada Geese are a very common sight throughout the Thousand Islands, both in the water and on land."
"108","The 'Ivy Lea Bridge' is part of which larger bridge system?","Ogdensburg-Prescott International Bridge|Thousand Islands Bridge|Cornwall-Massena International Bridge|Skyway Bridge","Thousand Islands Bridge","bridge_info_1","The Ivy Lea Bridge is the name for the continuous truss bridge on the Canadian side of the Thousand Islands Bridge system."
"109","What does 'CIP' stand for in the context of the 'Thousand Islands Bridge Authority CIP'?","Castle Improvement Project|Canadian Investment Program|Capital Improvement Plan|Community Involvement Project","Capital Improvement Plan","bridge_info_1","A Capital Improvement Plan (CIP) is a standard government term for planning major infrastructure projects and maintenance over several years."
"110","Which type of tour is popular for viewing the 'Millionaire's Row' of historic island homes?","Helicopter tour|Bus tour|Boat tour|Walking tour","Boat tour","cottage_country_1","Boat tours are the best way to see the lavish Gilded Age 'cottages' of Millionaire's Row, as most are on private islands."
"111","What is 'Wolfe Island' known for, besides being the largest of the Thousand Islands?","Its active volcano|Wind turbines and agriculture|A major international airport|Ski resorts","Wind turbines and agriculture","island_count_1","Wolfe Island is home to a large wind farm and has a strong agricultural community, accessible by ferry from both Kingston, ON, and Cape Vincent, NY."
"112","The 'Great Waterway' is a tourism region in Ontario that heavily features which river?","The Hudson River|The Mississippi River|The St. Lawrence River|The Niagara River","The St. Lawrence River","river_origin_clue","The Great Waterway tourism region follows the routes of the Rideau Canal and the St. Lawrence River, highlighting its rich history and natural beauty."
"113","What is the primary role of the 'Thousand Islands Bridge Authority'?","Operating tour boats|Managing Boldt Castle|Operating and maintaining the Thousand Islands Bridge system|Enforcing fishing regulations","Operating and maintaining the Thousand Islands Bridge system","bridge_info_1","The TIBA is a bi-national public authority responsible for the safe and efficient operation of the Thousand Islands Bridge."
"114","What type of fish is often referred to as a 'river monster' due to its size and fighting ability?","Goldfish|Sunfish|Sturgeon|Minnow","Sturgeon","fish_expert_clue","The Lake Sturgeon is a prehistoric fish that can grow to immense sizes in the St. Lawrence River, though it is a protected species."
"115","The 'Rockport Boat Line' offers tours departing from which Canadian village?","Ivy Lea|Rockport|Gananoque|Kingston","Rockport","canadian_gateway_1","Rockport is a small, picturesque village on the Canadian side that is a popular base for boat tours of the islands."
"116","Which historic military conflict significantly shaped the border in the Thousand Islands region?","The American Civil War|The French Revolution|The War of 1812|The Crusades","The War of 1812","war_history_clue","The War of 1812 between the United States and Great Britain solidified the border and led to the construction of forts on both sides of the river."
"117","What does 'NavCan' refer to in relation to the St. Lawrence Seaway?","A brand of canoe|Canada's air and marine navigation service provider|A type of fishing net|A historical ship","Canada's air and marine navigation service provider","seaway_journey_1","NAV CANADA is the private, non-profit corporation that owns and operates Canada's civil air navigation system and marine traffic control."
"118","Many of the grand 'cottages' in the Thousand Islands were built during which architectural era?","Prehistoric|Victorian and Gilded Age|Art Deco|Brutalist","Victorian and Gilded Age","cottage_country_1","The late 19th and early 20th centuries were the peak of opulent cottage construction by wealthy industrialists."
"119","What is the 'Frontenac Arch', geologically speaking?","A man-made bridge|An ancient extension of the Canadian Shield|A deep underwater trench|A series of caves","An ancient extension of the Canadian Shield","geology_mystery_clue","The Frontenac Arch is a granite bridge of the Canadian Shield that extends south to the Adirondack Mountains, forming the bedrock of the Thousand Islands."
"120","The 'Thousand Islands Parkway' in Canada is part of what larger scenic route system?","The Trans-Canada Highway|Route 66|The Waterfront Trail|The Appalachian Trail","The Waterfront Trail","scenic_byway_1","The Great Lakes Waterfront Trail is a signed route connecting 155 communities along the shores of the Great Lakes and the St. Lawrence River."
"121","What common water sport involves standing on a board and using a paddle?","Water skiing|Wakeboarding|Stand-Up Paddleboarding (SUP)|Jet skiing","Stand-Up Paddleboarding (SUP)","water_activity_1","Stand-up paddleboarding is a popular way to explore the calm coves and shorelines of the islands."
"122","The 'Brockville Railway Tunnel', Canada's first, is now a popular attraction featuring what?","Active train service|An underground shopping mall|A pedestrian walkway with light and sound show|A museum of steam engines","A pedestrian walkway with light and sound show","local_culture_clue","This historic tunnel has been repurposed as a unique public park with a colorful LED light show and music."
"123","Which of these is a key ingredient in traditional Thousand Island Dressing?","Blue cheese|Mayonnaise|Peanut butter|Anchovies","Mayonnaise","dressing_origin_1","Most recipes for Thousand Island Dressing start with a mayonnaise base, with other ingredients like ketchup, pickle relish, and chopped eggs added."
"124","The 'Admiralty Islands' group is found within which larger archipelago?","The Hawaiian Islands|The Florida Keys|The Thousand Islands|The Galapagos Islands","The Thousand Islands","island_count_1","The Admiralty Islands are a specific cluster of islands within the Thousand Islands, located on the Canadian side near Gananoque."
"125","What is 'shore dinner', a traditional Thousand Islands meal, typically cooked over?","A microwave|An open wood fire|A solar oven|An induction cooktop","An open wood fire","island_traditions_clue","A traditional shore dinner, often prepared by fishing guides, involves cooking freshly caught fish over an open fire on an island shore."
"126","The 'Thousand Islands International Regatta' primarily features what type of boats?","Submarines|Sailboats|Cruise ships|Hovercraft","Sailboats","skiff_life_1","A regatta is a sporting event consisting of a series of boat races, and in this region, it typically involves sailboats."
"127","What is the common name for the 'Cervus canadensis' sometimes spotted in mainland areas near the Thousand Islands?","Moose|Elk|White-tailed Deer|Caribou","Elk","flora_fauna_clue","Cervus canadensis is the scientific name for the Elk, a large species of deer that has been reintroduced to parts of Ontario."
"128","Dark Island's Singer Castle was designed by which prominent architect?","Frank Lloyd Wright|Stanford White|Ernest Flagg|Frederick Law Olmsted","Ernest Flagg","singer_castle_1","Ernest Flagg was a notable American architect known for designing the Singer Building in New York City, which was once the world's tallest building."
"129","The St. Lawrence River is part of the 'Great Lakes Basin'. What does this mean?","It flows into the Great Lakes|It is the primary drainage outlet for the Great Lakes system|It is a man-made canal connecting the lakes|It is unrelated to the Great Lakes","It is the primary drainage outlet for the Great Lakes system","seaway_journey_1","The Great Lakes Basin is the entire area of land that drains into the Great Lakes, and the St. Lawrence River is the final outlet for that water to the ocean."
"130","What is 'Cape Vincent, NY' notable for, in relation to the St. Lawrence River?","It's where the river ends|It's near where Lake Ontario flows into the St. Lawrence River|It's famous for its suspension bridge|It's primarily an industrial port","It's near where Lake Ontario flows into the St. Lawrence River","river_origin_clue","Cape Vincent is located at the very beginning of the St. Lawrence River, offering views of the river's start and the vastness of Lake Ontario."
"131","What does one short blast of a ship's horn typically mean when vessels are in sight of one another?","I am altering my course to starboard (right).|I am altering my course to port (left).|I am operating astern propulsion (backing up).|Danger, I cannot understand your intentions.","I am altering my course to starboard (right).","seaway_journey_1","One short blast signals the intention to pass on the port (left) side of the other vessel, known as a 'port-to-port' passing."
"132","What signal does a vessel make if it does not understand the intention or action of an approaching vessel?","One prolonged blast.|Two short blasts.|Five or more short and rapid blasts.|One short blast followed by one prolonged blast.","Five or more short and rapid blasts.","shoal_definition_1","This is known as the 'danger signal' and indicates confusion or disagreement with the other vessel's proposed maneuver."
"133","On the St. Lawrence Seaway, what is a ""Laker""?","A type of small pleasure boat.|A large cargo ship designed for the Great Lakes and Seaway.|A migratory bird.|A resident of the Thousand Islands.","A large cargo ship designed for the Great Lakes and Seaway.","laker_definition_1","Lakers, or Great Lakes freighters, are uniquely long and narrow to maximize cargo while still fitting through the Seaway's locks."
"134","Two short blasts from a ship's horn generally indicate:","I intend to leave you on my starboard side.|I am altering my course to port (left).|I am stopped and making no way through the water.|My vessel is in distress.","I am altering my course to port (left).","seaway_journey_1","Two short blasts indicate the intention to pass on the starboard (right) side of the other vessel, a 'starboard-to-starboard' passing."
"135","What does one prolonged blast followed by two short blasts from a ship in restricted visibility (like fog) typically indicate?","A power-driven vessel underway making way.|A vessel at anchor.|A sailing vessel.|A vessel towing or pushing another ahead.","A vessel towing or pushing another ahead.","shoal_definition_1","This specific horn signal is required by maritime law to alert other vessels of a towing operation in low visibility conditions."
"136","In New York State, what is the minimum age to operate a Personal Watercraft (PWC) alone after completing a safety course?","12 years old|14 years old|16 years old|18 years old","14 years old","water_activity_1","New York State law requires PWC operators to be at least 14 and to have passed a certified boater safety course."
"137","What color are nun buoys, and how should you pass them when returning from sea (upstream)?","Green, pass on your port (left) side.|Red, pass on your starboard (right) side.|Black, pass on your starboard (right) side.|Yellow, pass on either side.","Red, pass on your starboard (right) side.","lighthouse_legend_clue","A helpful mnemonic is 'Red, Right, Returning' - keep the red, cone-shaped nun buoys to your right when heading upstream."
"138","Which of these is a U.S. Coast Guard approved Personal Flotation Device (PFD) Type I designed for?","Calm inland waters, provides minimal buoyancy.|Offshore use where rescue may be slow, turns most unconscious wearers face-up.|Throwable device.|Flotation aid for watersports, not for rough water.","Offshore use where rescue may be slow, turns most unconscious wearers face-up.","skiff_life_1","Type I PFDs offer the most buoyancy and are designed for rough, open water where rescue might not be immediate."
"139","What is the legal blood alcohol concentration (BAC) limit for boating under the influence (BUI) in New York State for adults?","0.02%|0.05%|0.08%|0.10%","0.08%","island_traditions_clue","The penalties for BUI are similar to those for driving while intoxicated (DWI) and can include fines, suspension of boating privileges, and jail time."
"140","When two power-driven vessels are meeting head-on, what action should both vessels take?","Both alter course to starboard (right) and pass port-to-port.|Both alter course to port (left) and pass starboard-to-starboard.|The smaller vessel gives way.|The vessel on the right has the right-of-way.","Both alter course to starboard (right) and pass port-to-port.","shoal_definition_1","In a head-on situation, both boats should turn right to avoid collision, allowing them to pass each other on their left (port) sides."
"141","What does a white buoy with a blue band indicate in New York waters?","Danger area|Information or regulatory marker|Mooring buoy|Channel marker","Mooring buoy","lighthouse_legend_clue","This specific buoy design indicates a permanent anchor point where a boat can be tied up."
"142","According to New York State law, children under what age must wear a USCG-approved PFD when on a vessel less than 65 feet?","Under 6 years old|Under 10 years old|Under 12 years old|Under 16 years old","Under 12 years old","water_activity_1","This law applies to all recreational vessels (including canoes and kayaks) unless the child is in a fully enclosed cabin."
"143","What is the primary purpose of a boat's ventilation system for gasoline engines?","To cool the engine.|To remove explosive fuel vapors from the bilge.|To provide fresh air to the cabin.|To reduce engine noise.","To remove explosive fuel vapors from the bilge.","skiff_life_1","Gasoline vapors are heavier than air and can collect in the bilge, creating a serious explosion risk. Proper ventilation is essential for safety."
"144","If you see a red flag with a white diagonal stripe on the water, what does it signify?","Racing event in progress.|Divers down, keep well clear.|Fishing nets deployed.|Vessel in distress.","Divers down, keep well clear.","water_activity_1","This is the 'diver down' flag, indicating that scuba divers are in the water nearby. Boats must keep a safe distance and operate at slow speed."
"145","When operating a boat near a swimming area, what is a crucial safety practice?","Maintain high speed for quick passage.|Operate at slow, no-wake speed and keep a lookout.|Sound your horn continuously.|Anchor directly in the swimming area.","Operate at slow, no-wake speed and keep a lookout.","skiff_life_1","Designated swimming areas must be approached with extreme caution and at idle speed to ensure the safety of people in the water."
"146","What is a ""capacity plate"" on a boat primarily used for?","To display the boat's name and home port.|To indicate the maximum weight capacity and/or number of people the boat can safely carry.|To list the boat's engine specifications.|To show the boat's registration number.","To indicate the maximum weight capacity and/or number of people the boat can safely carry.","boat_museum_1","Overloading a boat is a major cause of accidents. The capacity plate, required on most boats under 20 feet, provides critical safety limits."
"147","What type of fire extinguisher is generally required on motorboats with enclosed fuel or engine compartments?","Type A (for wood and paper fires)|Type B (for flammable liquids like gasoline and oil)|Type C (for electrical fires)|Type K (for kitchen grease fires)","Type B (for flammable liquids like gasoline and oil)","smugglers_run_1","Class B fire extinguishers are specifically designed to handle fires involving flammable liquids, which are the most common fire hazard on gasoline-powered boats."
"148","When anchoring, what is a common recommended scope (ratio of anchor rode length to water depth plus freeboard)?","1:1|3:1|5:1 to 7:1|10:1","5:1 to 7:1","anchor","A scope of 7:1 means for every foot of depth (from your boat to the riverbed), you should have 7 feet of anchor line out. This ensures the anchor holds properly."
"149","If your boat capsizes, what is generally the safest course of action if the boat remains afloat?","Swim to the nearest shore immediately.|Stay with the boat to be more easily spotted by rescuers.|Try to right the boat by yourself, even in rough water.|Signal other boats by waving your PFD.","Stay with the boat to be more easily spotted by rescuers.","water_activity_1","An overturned boat is a much larger and more visible target for rescuers than a person in the water. Staying with it greatly increases your chance of being found."
"150","In New York, a boat's registration numbers must be displayed on which part of the vessel?","On the stern (back) only.|On both sides of the forward half (bow) of the vessel.|On the cabin roof.|Anywhere visible.","On both sides of the forward half (bow) of the vessel.","boat_museum_1","The registration numbers must be painted or affixed to both sides of the bow in block letters at least three inches high for clear identification."
"151","What is the term for the front edge of a sail?","Leech|Luff|Foot|Tack","Luff","skiff_life_1","The luff is the forward edge of a sail that runs along the mast. Proper tension on the luff is crucial for sail shape and performance."
"152","When a sailboat is sailing ""close-hauled,"" what is its general direction relative to the wind?","Sailing directly downwind.|Sailing as close to the direction the wind is coming from as possible.|Sailing with the wind directly on its side (beam reach).|Sailing away from the wind at a wide angle.","Sailing as close to the direction the wind is coming from as possible.","water_activity_1","Sailing close-hauled is the point of sail that allows a boat to make progress upwind, typically at about a 45-degree angle to the wind."
"153","What is the ""boom"" on a sailboat?","The main body of the boat.|The horizontal spar at the bottom of the mainsail.|The rope used to raise the mainsail.|The forwardmost point of the boat.","The horizontal spar at the bottom of the mainsail.","skiff_life_1","The boom holds the bottom edge (foot) of the mainsail and must be carefully controlled, as an unexpected swing can be dangerous."
"154","When two sailboats on opposite tacks are approaching each other, which boat generally has the right-of-way?","The boat on port tack (wind coming over its port side).|The boat on starboard tack (wind coming over its starboard side).|The faster boat.|The larger boat.","The boat on starboard tack (wind coming over its starboard side).","water_activity_1","The starboard tack boat is the 'stand-on' vessel and has the right-of-way. The port tack boat is the 'give-way' vessel and must alter course."
"155","What is ""tacking"" in sailing?","Turning the stern of the boat through the wind.|Turning the bow of the boat through the wind so the wind changes from one side to the other.|Lowering the sails quickly.|Anchoring the boat.","Turning the bow of the boat through the wind so the wind changes from one side to the other.","water_activity_1","Tacking is the fundamental maneuver used to sail in a zig-zag pattern upwind."
"156","Which large, toothy predator, known as the ""fish of 10,000 casts,"" is a prized game fish in the Thousand Islands?","Walleye|Yellow Perch|Muskellunge (Muskie)|Smallmouth Bass","Muskellunge (Muskie)","fish_expert_clue","The Muskellunge, or Muskie, is notoriously difficult to catch, earning it the nickname 'the fish of 10,000 casts' due to its elusive nature."
"157","This fish has a long, slender body, a duckbill-shaped snout, and sharp teeth, often ambushing prey from weedy areas.","Channel Catfish|Northern Pike|Lake Trout|Common Carp","Northern Pike","fish_expert_clue","Northern Pike are aggressive predators known for their explosive strikes from weed beds and their distinctive, bean-shaped light spots on a dark body."
"158","Known for its delicious white flesh and large, opaque eyes that help it see in low light, this fish is popular among anglers.","Brown Bullhead|Walleye|Rock Bass|Pumpkinseed Sunfish","Walleye","fish_expert_clue","The Walleye's large, glassy eyes are due to a reflective layer called the tapetum lucidum, which gives them excellent vision in dark or murky water."
"159","A feisty fighter, this bronze-backed fish with vertical bars on its sides prefers rocky and gravelly areas.","Largemouth Bass|Smallmouth Bass|Yellow Perch|Atlantic Salmon","Smallmouth Bass","fish_expert_clue","Often called 'bronzebacks,' Smallmouth Bass are renowned for their powerful fights and are a favorite target for sport fishermen in the river's currents."
"160","This fish has a large mouth extending beyond its eye and a prominent dark horizontal stripe along its side, often found near submerged vegetation.","Smallmouth Bass|Largemouth Bass|Steelhead|Brown Trout","Largemouth Bass","fish_expert_clue","Unlike its smallmouth cousin, the Largemouth Bass prefers calmer, weedier waters. Its jaw extends well past its eye, giving it its name."
"161","A smaller, schooling fish with yellow sides and dark vertical bands, often a target for ice fishing.","Muskellunge|Yellow Perch|Lake Sturgeon|Channel Catfish","Yellow Perch","fish_expert_clue","Yellow Perch are a popular panfish, known for their tasty meat and willingness to bite, making them a great fish for young anglers to catch."
"162","This cold-water fish, typically found in deeper parts of Lake Ontario and the St. Lawrence, has a deeply forked tail and light spots on a dark background.","Brown Trout|Lake Trout|Rainbow Trout|Brook Trout","Lake Trout","fish_expert_clue","Lake Trout are native to the Great Lakes and are one of the top deep-water predators in the ecosystem, capable of living for many decades."
"163","Introduced from Europe, this salmonid is known for its buttery-yellow to brown color and prominent black and red spots, some haloed.","Atlantic Salmon|Steelhead|Brown Trout|Coho Salmon","Brown Trout","fish_expert_clue","Brown Trout are highly adaptable and can be wary, making them a challenging and rewarding catch for experienced trout anglers."
"164","This anadromous fish (migrates from saltwater to freshwater to spawn) is a silver-colored, sea-run form of Rainbow Trout.","Chinook Salmon|Steelhead|Pink Salmon|Lake Whitefish","Steelhead","fish_expert_clue","Steelhead are rainbow trout that migrate to the ocean (or Great Lakes) to mature before returning to rivers to spawn. They are known for their spectacular acrobatic fights."
"165","Once nearly extirpated from Lake Ontario, this ""king of fish"" is making a comeback and is known for its leaping ability.","American Eel|Atlantic Salmon|Common Carp|Sheepshead","Atlantic Salmon","fish_expert_clue","The Atlantic Salmon is the only native salmon to the Great Lakes basin. Restoration efforts are helping to bring back this legendary sport fish."
"166","This smooth-skinned fish with barbels (""whiskers"") around its mouth is a bottom-dweller, often caught at night.","Northern Pike|Walleye|Channel Catfish|Yellow Perch","Channel Catfish","fish_expert_clue","The 'whiskers' on a Channel Catfish are sensory organs called barbels, which help it locate food along the river bottom."
"167","A smaller cousin of the Channel Catfish, this dark-colored catfish has a square or slightly rounded tail.","Blue Catfish|Flathead Catfish|Brown Bullhead|White Catfish","Brown Bullhead","fish_expert_clue","Brown Bullheads are extremely hardy and common in many of the calmer bays and backwaters of the St. Lawrence River."
"168","This scrappy panfish has a large mouth, red eyes, and a dark, blotchy appearance, often found around rocks and submerged structures.","Bluegill|Pumpkinseed Sunfish|Rock Bass|Black Crappie","Rock Bass","fish_expert_clue","True to their name, Rock Bass are almost always found near rocky bottoms, docks, and break walls, where they are aggressive feeders."
"169","A colorful sunfish with an orange spot on its gill cover (operculum) and wavy blue lines on its cheeks.","Green Sunfish|Longear Sunfish|Pumpkinseed Sunfish|Warmouth","Pumpkinseed Sunfish","fish_expert_clue","The Pumpkinseed is one of the most vibrant and colorful native fish in the region, easily identified by the bright red-orange spot on its 'ear' flap."
"170","An invasive species originally from Asia, this large, coarse-scaled fish is known for its hardiness and ability to tolerate poor water quality.","Goldfish|Common Carp|Grass Carp|Bighead Carp","Common Carp","fish_expert_clue","Common Carp were introduced to North America in the 1800s and have since become widespread. They are strong fighters but are not typically eaten."
